"file","year","page_from","page_to","project_label","project_type_label","n","# SECTION 1: ABOUT THE PROJECT","# SECTION 2: PROJECT COSTS","# SECTION 3: PROJECT TIMESCALE","# SECTION 4: KEY USER REQUIREMENTS","# SECTION 5: HISTORY UP TO MAIN GATE APPROVAL","# SECTION 1: ABOUT THE REQUIREMENT","# SECTION 2: THE ASSESSMENT PHASE","# SECTION 4: KEY USER REQUIREMENTS REVISED","# B. Section B: Cost","# C. Section C: Timescale","# D. Section D: Performance","# A. Section A: The Project","# A. Section A: The Project (2)","# D. Section D: Performance â€“ Not Applicable","# E. Section E: Cancellation","NA"
"naomprss_2006_105_110.md",2006,105,110,"PRECISION GUIDED BOMB (PGB)","D&M Phase",1,52,230,181,131,189,NA,NA,NA,NA,NA,NA,NA,NA,NA,NA,NA
"naomprss_2006_111_116.md",2006,111,116,"STING RAY LIFE EXTENSION & CAPABILITY UPGRADE (SRLE)","D&M Phase",1,64,277,168,209,187,NA,NA,NA,NA,NA,NA,NA,NA,NA,NA,NA
"naomprss_2006_117_126.md",2006,117,126,"SUPPORT VEHICLE","D&M Phase",1,87,226,208,232,195,NA,NA,NA,NA,NA,NA,NA,NA,NA,NA,NA
"naomprss_2006_127_132.md",2006,127,132,"TERRIER","D&M Phase",1,49,167,165,151,189,NA,NA,NA,NA,NA,NA,NA,NA,NA,NA,NA
"naomprss_2006_133_138.md",2006,133,138,"Trojan and Titan","D&M Phase",1,82,222,215,145,189,NA,NA,NA,NA,NA,NA,NA,NA,NA,NA,NA
"naomprss_2006_139_146.md",2006,139,146,"Typhoon","D&M Phase",1,140,307,187,232,183,NA,NA,NA,NA,NA,NA,NA,NA,NA,NA,NA
"naomprss_2006_147_156.md",2006,147,156,"Type 45 Destroyer","D&M Phase",1,104,281,231,172,191,NA,NA,NA,NA,NA,NA,NA,NA,NA,NA,NA
"naomprss_2006_15_22.md",2006,15,22,"Astute Class Submarines","D&M Phase",1,66,344,166,213,187,NA,NA,NA,NA,NA,NA,NA,NA,NA,NA,NA
"naomprss_2006_157_158.md",2006,157,158,"ADVANCED JET TRAINER","Assessment Phase Projects",1,NA,NA,NA,NA,NA,12,119,NA,NA,NA,NA,NA,NA,NA,NA,NA
"naomprss_2006_159_160.md",2006,159,160,"Falcon","Assessment Phase Projects",1,NA,NA,NA,NA,NA,6,130,NA,NA,NA,NA,NA,NA,NA,NA,NA
"naomprss_2006_161_164.md",2006,161,164,"Queen Elizabeth Class Aircraft Carriers","Assessment Phase Projects",1,NA,NA,NA,NA,NA,6,128,NA,NA,NA,NA,NA,NA,NA,NA,NA
"naomprss_2006_165_166.md",2006,165,166,"Future Integrated Soldier Technology","Assessment Phase Projects",1,NA,NA,NA,NA,NA,6,120,NA,NA,NA,NA,NA,NA,NA,NA,NA
"naomprss_2006_167_168.md",2006,167,168,"Future Rapid Effects System","Assessment Phase Projects",1,NA,NA,NA,NA,NA,8,140,NA,NA,NA,NA,NA,NA,NA,NA,NA
"naomprss_2006_169_170.md",2006,169,170,"Future Strategic Tanker Aircraft (Voyager)","Assessment Phase Projects",1,NA,NA,NA,NA,NA,4,120,NA,NA,NA,NA,NA,NA,NA,NA,NA
"naomprss_2006_171_172.md",2006,171,172,"Indirect Fire Precision Attack","Assessment Phase Projects",1,NA,NA,NA,NA,NA,8,100,NA,NA,NA,NA,NA,NA,NA,NA,NA
"naomprss_2006_173_174.md",2006,173,174,"Military Afloat Reach and Sustainability","Assessment Phase Projects",1,NA,NA,NA,NA,NA,19,127,NA,NA,NA,NA,NA,NA,NA,NA,NA
"naomprss_2006_175_176.md",2006,175,176,"United Kingdom Military Flying Training System","Assessment Phase Projects",1,NA,NA,NA,NA,NA,10,126,NA,NA,NA,NA,NA,NA,NA,NA,NA
"naomprss_2006_177_178.md",2006,177,178,"Watchkeeper","Assessment Phase Projects",1,NA,NA,NA,NA,NA,6,128,NA,NA,NA,NA,NA,NA,NA,NA,NA
"naomprss_2006_23_30.md",2006,23,30,"Beyond Visual Range Air to Air Missile","D&M Phase",1,88,296,185,158,191,NA,NA,NA,NA,NA,NA,NA,NA,NA,NA,NA
"naomprss_2006_31_38.md",2006,31,38,"Bowman","D&M Phase",1,59,292,169,182,193,NA,NA,NA,NA,NA,NA,NA,NA,NA,NA,NA
"naomprss_2006_39_46.md",2006,39,46,"BRIMSTONE","D&M Phase",1,53,253,157,230,181,NA,NA,NA,NA,NA,NA,NA,NA,NA,NA,NA
"naomprss_2006_47_54.md",2006,47,54,"COMBAT, DBL INFRASTRUCTURE AND PLATFORM BISA (CIP)","D&M Phase",1,88,190,203,243,201,NA,NA,NA,NA,NA,NA,NA,NA,NA,NA,NA
"naomprss_2006_55_62.md",2006,55,62,"C Vehicle PFI","D&M Phase",1,90,244,224,206,187,NA,NA,NA,NA,NA,NA,NA,NA,NA,NA,NA
"naomprss_2006_63_68.md",2006,63,68,"GUIDED MULTIPLE LAUNCH ROCKET SYSTEM (GMLRS)","D&M Phase",1,42,244,155,121,187,NA,NA,NA,NA,NA,NA,NA,NA,NA,NA,NA
"naomprss_2006_69_76.md",2006,69,76,"Joint Combat Aircraft (Lightning II)","D&M Phase",1,80,288,153,201,203,NA,NA,NA,NA,NA,NA,NA,NA,NA,NA,NA
"naomprss_2006_7_14.md",2006,7,14,"A400M","D&M Phase",1,78,418,188,213,187,NA,NA,NA,NA,NA,NA,NA,NA,NA,NA,NA
"naomprss_2006_77_82.md",2006,77,82,"LIGHT FORCES ANTI-TANK GUIDED WEAPON (LFATGW)","D&M Phase",1,80,218,174,120,179,NA,NA,NA,NA,NA,NA,NA,NA,NA,NA,NA
"naomprss_2006_83_88.md",2006,83,88,"NEXT GENERATION LIGHT ANTI-ARMOUR WEAPON (NLAW)","D&M Phase",1,51,230,137,167,189,NA,NA,NA,NA,NA,NA,NA,NA,NA,NA,NA
"naomprss_2006_89_98.md",2006,89,98,"Nimrod MRA4","D&M Phase",1,96,296,205,240,196,NA,NA,215,NA,NA,NA,NA,NA,NA,NA,NA
"naomprss_2006_99_104.md",2006,99,104,"PANTHER COMMAND AND LIAISON VEHICLE (CLV)","D&M Phase",1,82,184,194,226,197,NA,NA,NA,NA,NA,NA,NA,NA,NA,NA,NA
"naomprss_2007_101_110.md",2007,101,110,"Nimrod MRA4","D&M Phase",1,92,315,162,234,185,NA,NA,NA,NA,NA,NA,NA,NA,NA,NA,NA
"naomprss_2007_111_116.md",2007,111,116,"PRECISION GUIDED BOMB (PGB)","D&M Phase",1,54,223,182,103,177,NA,NA,NA,NA,NA,NA,NA,NA,NA,NA,NA
"naomprss_2007_117_122.md",2007,117,122,"SOOTHSAYER","D&M Phase",1,47,184,171,193,175,NA,NA,NA,NA,NA,NA,NA,NA,NA,NA,NA
"naomprss_2007_123_130.md",2007,123,130,"STING RAY LIFE EXTENSION & CAPABILITY UPGRADE (SRLE)","D&M Phase",1,63,266,178,257,187,NA,NA,NA,NA,NA,NA,NA,NA,NA,NA,NA
"naomprss_2007_131_140.md",2007,131,140,"SUPPORT VEHICLE","D&M Phase",1,88,263,132,231,189,NA,NA,NA,NA,NA,NA,NA,NA,NA,NA,NA
"naomprss_2007_141_148.md",2007,141,148,"TERRIER","D&M Phase",1,105,187,148,253,185,NA,NA,NA,NA,NA,NA,NA,NA,NA,NA,NA
"naomprss_2007_149_158.md",2007,149,158,"Type 45 Destroyer","D&M Phase",1,119,246,232,158,183,NA,NA,NA,NA,NA,NA,NA,NA,NA,NA,NA
"naomprss_2007_159_168.md",2007,159,168,"Typhoon","D&M Phase",1,157,318,201,243,173,NA,NA,NA,NA,NA,NA,NA,NA,NA,NA,NA
"naomprss_2007_169_174.md",2007,169,174,"Watchkeeper","D&M Phase",1,55,128,171,146,201,NA,NA,NA,NA,NA,NA,NA,NA,NA,NA,NA
"naomprss_2007_17_26.md",2007,17,26,"Astute Class Submarines","D&M Phase",1,113,346,171,193,175,NA,NA,NA,NA,NA,NA,NA,NA,NA,NA,NA
"naomprss_2007_175_178.md",2007,175,178,"Queen Elizabeth Class Aircraft Carriers","Assessment Phase Projects",1,NA,NA,NA,NA,NA,4,118,NA,NA,NA,NA,NA,NA,NA,NA,NA
"naomprss_2007_179_180.md",2007,179,180,"United Kingdom Co-operative Engagement Capability Frigate  and Destroyers Programme","Assessment Phase Projects",1,NA,NA,NA,NA,NA,8,140,NA,NA,NA,NA,NA,NA,NA,NA,NA
"naomprss_2007_181_182.md",2007,181,182,"Future Integrated Soldier Technology","Assessment Phase Projects",1,NA,NA,NA,NA,NA,8,124,NA,NA,NA,NA,NA,NA,NA,NA,NA
"naomprss_2007_183_186.md",2007,183,186,"Future Rapid Effects System","Assessment Phase Projects",1,NA,NA,NA,NA,NA,10,120,NA,NA,NA,NA,NA,NA,NA,NA,NA
"naomprss_2007_187_188.md",2007,187,188,"Future Strategic Tanker Aircraft (Voyager)","Assessment Phase Projects",1,NA,NA,NA,NA,NA,4,120,NA,NA,NA,NA,NA,NA,NA,NA,NA
"naomprss_2007_189_190.md",2007,189,190,"Indirect Fire Precision Attack","Assessment Phase Projects",1,NA,NA,NA,NA,NA,10,134,NA,NA,NA,NA,NA,NA,NA,NA,NA
"naomprss_2007_191_192.md",2007,191,192,"Maritime, Airborne, Surveillance & Control (MASC)","Assessment Phase Projects",1,NA,NA,NA,NA,NA,8,119,NA,NA,NA,NA,NA,NA,NA,NA,NA
"naomprss_2007_193_194.md",2007,193,194,"Military Afloat Reach and Sustainability","Assessment Phase Projects",1,NA,NA,NA,NA,NA,19,130,NA,NA,NA,NA,NA,NA,NA,NA,NA
"naomprss_2007_195_196.md",2007,195,196,"Search and Rescue Helicopter","Assessment Phase Projects",1,NA,NA,NA,NA,NA,6,146,NA,NA,NA,NA,NA,NA,NA,NA,NA
"naomprss_2007_197_198.md",2007,197,198,"United Kingdom Military Flying Training System","Assessment Phase Projects",1,NA,NA,NA,NA,NA,8,121,NA,NA,NA,NA,NA,NA,NA,NA,NA
"naomprss_2007_27_34.md",2007,27,34,"Beyond Visual Range Air to Air Missile","D&M Phase",1,55,245,158,163,189,NA,NA,NA,NA,NA,NA,NA,NA,NA,NA,NA
"naomprss_2007_35_42.md",2007,35,42,"Bowman","D&M Phase",1,81,214,138,265,183,NA,NA,NA,NA,NA,NA,NA,NA,NA,NA,NA
"naomprss_2007_43_50.md",2007,43,50,"BRIMSTONE","D&M Phase",1,55,202,157,208,193,NA,NA,NA,NA,NA,NA,NA,NA,NA,NA,NA
"naomprss_2007_51_60.md",2007,51,60,"C Vehicle PFI","D&M Phase",1,82,183,175,259,187,NA,NA,NA,NA,NA,NA,NA,NA,NA,NA,NA
"naomprss_2007_61_68.md",2007,61,68,"Falcon","D&M Phase",1,57,202,151,110,218,NA,NA,NA,NA,NA,NA,NA,NA,NA,NA,NA
"naomprss_2007_69_76.md",2007,69,76,"GUIDED MULTIPLE LAUNCH ROCKET SYSTEM (GMLRS)","D&M Phase",1,46,228,167,244,191,NA,NA,NA,NA,NA,NA,NA,NA,NA,NA,NA
"naomprss_2007_7_16.md",2007,7,16,"A400M","D&M Phase",1,76,355,133,193,181,NA,NA,NA,NA,NA,NA,NA,NA,NA,NA,NA
"naomprss_2007_77_84.md",2007,77,84,"Joint Combat Aircraft (Lightning II)","D&M Phase",1,91,253,167,192,181,NA,NA,NA,NA,NA,NA,NA,NA,NA,NA,NA
"naomprss_2007_85_92.md",2007,85,92,"Merlin Capability Sustainment Programme","D&M Phase",1,96,195,155,186,212,NA,NA,NA,NA,NA,NA,NA,NA,NA,NA,NA
"naomprss_2007_93_100.md",2007,93,100,"NEXT GENERATION LIGHT ANTI-ARMOUR WEAPON (NLAW)","D&M Phase",1,82,237,155,186,193,NA,NA,NA,NA,NA,NA,NA,NA,NA,NA,NA
"naomprss_2008_103_116.md",2008,103,116,"Nimrod MRA4","D&M Phase",1,99,286,158,366,113,NA,NA,NA,NA,NA,NA,NA,NA,NA,NA,NA
"naomprss_2008_117_124.md",2008,117,124,"SOOTHSAYER","D&M Phase",1,44,190,165,256,119,NA,NA,NA,NA,NA,NA,NA,NA,NA,NA,NA
"naomprss_2008_125_132.md",2008,125,132,"STING RAY LIFE EXTENSION & CAPABILITY UPGRADE (SRLE)","D&M Phase",1,58,218,184,262,115,NA,NA,NA,NA,NA,NA,NA,NA,NA,NA,NA
"naomprss_2008_133_142.md",2008,133,142,"SUPPORT VEHICLE","D&M Phase",1,87,176,184,377,119,NA,NA,NA,NA,NA,NA,NA,NA,NA,NA,NA
"naomprss_2008_143_150.md",2008,143,150,"TERRIER","D&M Phase",1,80,224,156,192,129,NA,NA,NA,NA,NA,NA,NA,NA,NA,NA,NA
"naomprss_2008_151_162.md",2008,151,162,"Typhoon","D&M Phase",1,189,385,181,263,115,NA,NA,NA,NA,NA,NA,NA,NA,NA,NA,NA
"naomprss_2008_163_168.md",2008,163,168,"TYPHOON FUTURE CAPABILITY PROGRAMME","D&M Phase",1,97,171,159,208,115,NA,NA,NA,NA,NA,NA,NA,NA,NA,NA,NA
"naomprss_2008_169_180.md",2008,169,180,"Type 45 Destroyer","D&M Phase",1,109,244,234,189,125,NA,NA,NA,NA,NA,NA,NA,NA,NA,NA,NA
"naomprss_2008_17_22.md",2008,17,22,"ADVANCED JET TRAINER","D&M Phase",1,94,177,167,252,125,NA,NA,NA,NA,NA,NA,NA,NA,NA,NA,NA
"naomprss_2008_181_188.md",2008,181,188,"Watchkeeper","D&M Phase",1,58,176,181,279,133,NA,NA,NA,NA,NA,NA,NA,NA,NA,NA,NA
"naomprss_2008_189_192.md",2008,189,192,"EAGLE","Assessment Phase Projects",1,NA,NA,NA,NA,NA,6,137,NA,NA,NA,NA,NA,NA,NA,NA,NA
"naomprss_2008_193_196.md",2008,193,196,"Queen Elizabeth Class Aircraft Carriers","Assessment Phase Projects",1,NA,NA,NA,NA,NA,4,118,NA,NA,NA,NA,NA,NA,NA,NA,NA
"naomprss_2008_197_200.md",2008,197,200,"Future Integrated Soldier Technology","Assessment Phase Projects",1,NA,NA,NA,NA,NA,7,122,NA,NA,NA,NA,NA,NA,NA,NA,NA
"naomprss_2008_201_204.md",2008,201,204,"Future Rapid Effects System","Assessment Phase Projects",1,NA,NA,NA,NA,NA,10,140,NA,NA,NA,NA,NA,NA,NA,NA,NA
"naomprss_2008_205_206.md",2008,205,206,"Future Rapid Effects System","Assessment Phase Projects",1,NA,NA,NA,NA,NA,4,118,NA,NA,NA,NA,NA,NA,NA,NA,NA
"naomprss_2008_207_210.md",2008,207,210,"Indirect Fire Precision Attack","Assessment Phase Projects",1,NA,NA,NA,NA,NA,9,106,NA,NA,NA,NA,NA,NA,NA,NA,NA
"naomprss_2008_211_212.md",2008,211,212,"Maritime, Airborne, Surveillance & Control (MASC)","Assessment Phase Projects",1,NA,NA,NA,NA,NA,8,111,NA,NA,NA,NA,NA,NA,NA,NA,NA
"naomprss_2008_213_216.md",2008,213,216,"Military Afloat Reach and Sustainability","Assessment Phase Projects",1,NA,NA,NA,NA,NA,26,104,NA,NA,NA,NA,NA,NA,NA,NA,NA
"naomprss_2008_217_218.md",2008,217,218,"Search and Rescue Helicopter","Assessment Phase Projects",1,NA,NA,NA,NA,NA,6,139,NA,NA,NA,NA,NA,NA,NA,NA,NA
"naomprss_2008_219_220.md",2008,219,220,"United Kingdom Military Flying Training System","Assessment Phase Projects",1,NA,NA,NA,NA,NA,8,118,NA,NA,NA,NA,NA,NA,NA,NA,NA
"naomprss_2008_23_30.md",2008,23,30,"Astute Class Submarines","D&M Phase",1,88,280,163,240,113,NA,NA,NA,NA,NA,NA,NA,NA,NA,NA,NA
"naomprss_2008_31_42.md",2008,31,42,"Beyond Visual Range Air to Air Missile","D&M Phase",1,106,321,203,206,126,NA,NA,NA,NA,NA,NA,NA,NA,NA,NA,NA
"naomprss_2008_43_50.md",2008,43,50,"Falcon","D&M Phase",1,88,190,171,240,130,NA,NA,NA,NA,NA,NA,NA,NA,NA,NA,NA
"naomprss_2008_51_60.md",2008,51,60,"Joint Combat Aircraft (Lightning II)","D&M Phase",1,99,277,157,210,131,NA,NA,NA,NA,NA,NA,NA,NA,NA,NA,NA
"naomprss_2008_61_68.md",2008,61,68,"Future Rapid Effects System","D&M Phase",1,83,176,191,387,131,NA,NA,NA,NA,NA,NA,NA,NA,NA,NA,NA
"naomprss_2008_69_76.md",2008,69,76,"Merlin Capability Sustainment Programme","D&M Phase",1,95,171,172,138,149,NA,NA,NA,NA,NA,NA,NA,NA,NA,NA,NA
"naomprss_2008_7_16.md",2008,7,16,"A400M","D&M Phase",1,78,320,160,236,121,NA,NA,NA,NA,NA,NA,NA,NA,NA,NA,NA
"naomprss_2008_77_84.md",2008,77,84,"MODERNISED TARGET ACQUISITION DESIGNATION SIGHT / PILOTS NIGHT VISION SENSOR","D&M Phase",1,96,219,176,208,186,NA,NA,NA,NA,NA,NA,NA,NA,NA,NA,NA
"naomprss_2008_85_94.md",2008,85,94,"NAVAL EXTREMELY HIGH FREQUENCY/SUPER HIGH FREQUENCY SATELLITE COMMUNICATIONS TERMINALS","D&M Phase",1,147,213,170,227,133,NA,NA,NA,NA,NA,NA,NA,NA,NA,NA,NA
"naomprss_2008_95_102.md",2008,95,102,"NEXT GENERATION LIGHT ANTI-ARMOUR WEAPON (NLAW)","D&M Phase",1,84,260,201,189,121,NA,NA,NA,NA,NA,NA,NA,NA,NA,NA,NA
"naomprss_2009_103_112.md",2009,103,112,"A400M","D&M Phase",1,NA,NA,NA,NA,NA,NA,NA,NA,518,340,520,NA,NA,NA,NA,NA
"naomprss_2009_113_129.md",2009,113,129,"Astute Class Submarines","D&M Phase",1,NA,NA,NA,NA,NA,NA,NA,NA,687,1608,NA,NA,NA,NA,NA,NA
"naomprss_2009_130_139.md",2009,130,139,"Beyond Visual Range Air to Air Missile","D&M Phase",1,NA,NA,NA,NA,NA,NA,NA,NA,367,415,432,199,NA,NA,NA,NA
"naomprss_2009_140_155.md",2009,140,155,"Falcon","D&M Phase",1,NA,NA,NA,NA,NA,NA,NA,NA,520,709,919,191,NA,NA,NA,NA
"naomprss_2009_156_165.md",2009,156,165,"Joint Combat Aircraft (Lightning II)","D&M Phase",1,NA,NA,NA,NA,NA,NA,NA,NA,360,699,NA,141,NA,NA,NA,NA
"naomprss_2009_166_175.md",2009,166,175,"Future Strategic Tanker Aircraft (Voyager)","D&M Phase",1,NA,NA,NA,NA,NA,NA,NA,NA,283,572,482,133,NA,NA,NA,NA
"naomprss_2009_176_187.md",2009,176,187,"Lynx Wildcat","D&M Phase",1,NA,NA,NA,NA,NA,NA,NA,NA,296,429,782,181,NA,NA,NA,NA
"naomprss_2009_188_195.md",2009,188,195,"Merlin Capability Sustainment Programme","D&M Phase",1,NA,NA,NA,NA,NA,NA,NA,NA,267,379,475,160,NA,NA,NA,NA
"naomprss_2009_196_204.md",2009,196,204,"Queen Elizabeth Class Aircraft Carriers","D&M Phase",1,NA,NA,NA,NA,NA,NA,NA,NA,1258,NA,NA,232,NA,NA,NA,NA
"naomprss_2009_205_215.md",2009,205,215,"SUPPORT VEHICLE","D&M Phase",1,NA,NA,NA,NA,NA,NA,NA,NA,NA,NA,773,1022,NA,NA,NA,NA
"naomprss_2009_216_225.md",2009,216,225,"TERRIER","D&M Phase",1,NA,NA,NA,NA,NA,NA,NA,NA,404,398,540,122,NA,NA,NA,NA
"naomprss_2009_226_239.md",2009,226,239,"Type 45 Destroyer","D&M Phase",1,NA,NA,NA,NA,NA,NA,NA,NA,431,902,NA,197,NA,NA,NA,NA
"naomprss_2009_240_256.md",2009,240,256,"Typhoon","D&M Phase",1,NA,NA,NA,NA,NA,NA,NA,NA,723,499,955,267,NA,NA,NA,NA
"naomprss_2009_257_280.md",2009,257,280,"UK Military Flying Training System","D&M Phase",1,NA,NA,NA,NA,NA,NA,NA,NA,1066,1375,1068,351,NA,NA,NA,NA
"naomprss_2009_281_291.md",2009,281,291,"Watchkeeper","D&M Phase",1,NA,NA,NA,NA,NA,NA,NA,NA,300,448,533,174,NA,NA,NA,NA
"naomprss_2009_292_296.md",2009,292,296,"Solomon (formerly Dabinet)","Assessment Phase Projects",1,NA,NA,NA,NA,NA,NA,NA,NA,94,97,6,204,NA,NA,NA,NA
"naomprss_2009_297_300.md",2009,297,300,"Future Integrated Soldier Technology","Assessment Phase Projects",1,NA,NA,NA,NA,NA,NA,NA,NA,153,131,6,135,NA,NA,NA,NA
"naomprss_2009_301_304.md",2009,301,304,"Future Rapid Effects System","Assessment Phase Projects",1,NA,NA,NA,NA,NA,NA,NA,NA,128,102,6,104,NA,NA,NA,NA
"naomprss_2009_305_307.md",2009,305,307,"Airseeker","Assessment Phase Projects",1,NA,NA,NA,NA,NA,NA,NA,NA,102,87,6,115,NA,NA,NA,NA
"naomprss_2009_308_314.md",2009,308,314,"Indirect Fire Precision Attack","Assessment Phase Projects",1,NA,NA,NA,NA,NA,NA,NA,NA,356,387,307,153,NA,NA,NA,NA
"naomprss_2009_315_317.md",2009,315,317,"Marshall","Assessment Phase Projects",1,NA,NA,NA,NA,NA,NA,NA,NA,100,81,6,127,NA,NA,NA,NA
"naomprss_2009_318_321.md",2009,318,321,"Maritime, Airborne, Surveillance & Control (MASC)","Assessment Phase Projects",1,NA,NA,NA,NA,NA,NA,NA,NA,128,103,6,152,NA,NA,NA,NA
"naomprss_2009_322_325.md",2009,322,325,"Military Afloat Reach and Sustainability","Assessment Phase Projects",1,NA,NA,NA,NA,NA,NA,NA,NA,99,67,6,NA,NA,NA,NA,NA
"naomprss_2009_326_328.md",2009,326,328,"Search and Rescue Helicopter","Assessment Phase Projects",1,NA,NA,NA,NA,NA,NA,NA,NA,114,93,6,136,NA,NA,NA,NA
"naomprss_2009_329_332.md",2009,329,332,"United Kingdom Co-operative Engagement Capability Frigate  and Destroyers Programme","Assessment Phase Projects",1,NA,NA,NA,NA,NA,NA,NA,NA,102,83,6,167,NA,NA,NA,NA
"naomprss_2009_55_62.md",2009,55,62,"Attack Helicopter","Support Projects",1,NA,NA,NA,NA,NA,NA,NA,NA,166,230,499,107,NA,NA,NA,NA
"naomprss_2009_63_70.md",2009,63,70,"Hercules","Support Projects",1,NA,NA,NA,NA,NA,NA,NA,NA,179,220,436,90,NA,NA,NA,NA
"naomprss_2009_71_87.md",2009,71,87,"Nimrod MRA4","Support Projects",1,NA,NA,NA,NA,NA,NA,NA,NA,608,532,799,190,NA,NA,NA,NA
"naomprss_2009_88_94.md",2009,88,94,"Skynet 5","Support Projects",1,NA,NA,NA,NA,NA,NA,NA,NA,266,612,440,73,NA,NA,NA,NA
"naomprss_2009_95_102.md",2009,95,102,"Tornado","Support Projects",1,NA,NA,NA,NA,NA,NA,NA,NA,223,273,401,78,NA,NA,NA,NA
"naomprss_2010_111_119.md",2010,111,119,"Future Strategic Tanker Aircraft (Voyager)","D&M Phase",1,NA,NA,NA,NA,NA,NA,NA,NA,342,359,515,159,NA,NA,NA,NA
"naomprss_2010_120_130.md",2010,120,130,"Joint Combat Aircraft (Lightning II)","D&M Phase",1,NA,NA,NA,NA,NA,NA,NA,NA,432,114,552,157,NA,NA,NA,NA
"naomprss_2010_131_141.md",2010,131,141,"Lynx Wildcat","D&M Phase",1,NA,NA,NA,NA,NA,NA,NA,NA,434,398,891,191,NA,NA,NA,NA
"naomprss_2010_142_148.md",2010,142,148,"Merlin Capability Sustainment Programme","D&M Phase",1,NA,NA,NA,NA,NA,NA,NA,NA,317,245,375,192,NA,NA,NA,NA
"naomprss_2010_149_165.md",2010,149,165,"Nimrod MRA4","D&M Phase",1,NA,NA,NA,NA,NA,NA,NA,NA,414,1315,NA,109,NA,NA,NA,NA
"naomprss_2010_166_176.md",2010,166,176,"Queen Elizabeth Class Aircraft Carriers","D&M Phase",1,NA,NA,NA,NA,NA,NA,NA,NA,801,NA,428,245,NA,NA,NA,NA
"naomprss_2010_17_20.md",2010,17,20,"Solomon (formerly Dabinet)","Assessment Phase Projects",1,NA,NA,NA,NA,NA,NA,NA,NA,169,104,6,163,NA,NA,NA,NA
"naomprss_2010_177_185.md",2010,177,185,"Tornado Capability Upgrade Strategy (Pilot)","D&M Phase",1,NA,NA,NA,NA,NA,NA,NA,NA,386,239,615,140,NA,NA,NA,NA
"naomprss_2010_186_201.md",2010,186,201,"Type 45 Destroyer","D&M Phase",1,NA,NA,NA,NA,NA,NA,NA,NA,648,557,794,230,NA,NA,NA,NA
"naomprss_2010_186_201.md",2010,186,201,"Type 45 Destroyer","D&M Phase",2,NA,NA,NA,NA,NA,NA,NA,NA,NA,NA,NA,NA,26,NA,NA,NA
"naomprss_2010_202_217.md",2010,202,217,"Typhoon","D&M Phase",1,NA,NA,NA,NA,NA,NA,NA,NA,673,457,809,12,NA,NA,NA,NA
"naomprss_2010_21_24.md",2010,21,24,"Future Integrated Soldier Technology","Assessment Phase Projects",1,NA,NA,NA,NA,NA,NA,NA,NA,190,140,NA,151,NA,0,NA,NA
"naomprss_2010_218_238.md",2010,218,238,"United Kingdom Military Flying Training System","D&M Phase",1,NA,NA,NA,NA,NA,NA,NA,NA,1004,1333,1176,21,NA,NA,NA,NA
"naomprss_2010_239_251.md",2010,239,251,"Watchkeeper","D&M Phase",1,NA,NA,NA,NA,NA,NA,NA,NA,431,407,782,20,NA,NA,NA,NA
"naomprss_2010_25_28.md",2010,25,28,"Future Rapid Effects System","Assessment Phase Projects",1,NA,NA,NA,NA,NA,NA,NA,NA,163,117,6,145,NA,NA,NA,NA
"naomprss_2010_252_261.md",2010,252,261,"Airborne Stand Off Radar (ASTOR)","Support Projects",1,NA,NA,NA,NA,NA,NA,NA,NA,603,395,610,23,NA,NA,NA,NA
"naomprss_2010_262_271.md",2010,262,271,"Bowman","Support Projects",1,NA,NA,NA,NA,NA,NA,NA,NA,490,321,680,14,NA,NA,NA,NA
"naomprss_2010_272_280.md",2010,272,280,"C Vehicle PFI","Support Projects",1,NA,NA,NA,NA,NA,NA,NA,NA,452,440,374,27,NA,NA,NA,NA
"naomprss_2010_281_291.md",2010,281,291,"SUPPORT VEHICLE","Support Projects",1,NA,NA,NA,NA,NA,NA,NA,NA,493,368,893,24,NA,NA,NA,NA
"naomprss_2010_29_31.md",2010,29,31,"Airseeker","Assessment Phase Projects",1,NA,NA,NA,NA,NA,NA,NA,NA,187,84,6,115,NA,NA,NA,NA
"naomprss_2010_292_299.md",2010,292,299,"Trojan and Titan","Support Projects",1,NA,NA,NA,NA,NA,NA,NA,NA,468,457,424,NA,NA,NA,NA,NA
"naomprss_2010_32_39.md",2010,32,39,"Indirect Fire Precision Attack","Assessment Phase Projects",1,NA,NA,NA,NA,NA,NA,NA,NA,395,254,249,155,NA,NA,7,NA
"naomprss_2010_40_42.md",2010,40,42,"Marshall","Assessment Phase Projects",1,NA,NA,NA,NA,NA,NA,NA,NA,168,84,6,118,NA,NA,NA,NA
"naomprss_2010_43_46.md",2010,43,46,"Military Afloat Reach and Sustainability","Assessment Phase Projects",NA,NA,NA,NA,NA,NA,NA,NA,NA,NA,NA,NA,NA,NA,NA,NA,NA
"naomprss_2010_47_50.md",2010,47,50,"Utility Vehicles","Assessment Phase Projects",1,NA,NA,NA,NA,NA,NA,NA,NA,218,84,NA,147,NA,0,NA,NA
"naomprss_2010_51_54.md",2010,51,54,"Search and Rescue Helicopter","Assessment Phase Projects",1,NA,NA,NA,NA,NA,NA,NA,NA,158,124,NA,137,NA,0,NA,NA
"naomprss_2010_55_59.md",2010,55,59,"Eagle/Sustain Sentry","Assessment Phase Projects",1,NA,NA,NA,NA,NA,NA,NA,NA,118,79,NA,99,NA,8,NA,NA
"naomprss_2010_60_69.md",2010,60,69,"A400M","D&M Phase",1,NA,NA,NA,NA,NA,NA,NA,NA,696,235,455,142,NA,NA,NA,NA
"naomprss_2010_70_87.md",2010,70,87,"Astute Class Submarines","D&M Phase",1,NA,NA,NA,NA,NA,NA,NA,NA,1000,984,708,337,NA,NA,NA,NA
"naomprss_2010_88_96.md",2010,88,96,"Beyond Visual Range Air to Air Missile","D&M Phase",1,NA,NA,NA,NA,NA,NA,NA,NA,567,305,312,205,NA,NA,NA,NA
"naomprss_2010_97_110.md",2010,97,110,"Falcon","D&M Phase",1,NA,NA,NA,NA,NA,NA,NA,NA,517,426,1212,168,NA,NA,NA,NA
"naomprss_2011_102_117.md",2011,102,117,"Joint Combat Aircraft (Lightning II)","D&M Phase",NA,NA,NA,NA,NA,NA,NA,NA,NA,NA,NA,NA,NA,NA,NA,NA,NA
"naomprss_2011_118_136.md",2011,118,136,"Lynx Wildcat","D&M Phase",1,NA,NA,NA,NA,NA,NA,NA,NA,NA,NA,NA,1571,NA,NA,NA,NA
"naomprss_2011_137_147.md",2011,137,147,"Merlin Capability Sustainment Programme","D&M Phase",NA,NA,NA,NA,NA,NA,NA,NA,NA,NA,NA,NA,NA,NA,NA,NA,NA
"naomprss_2011_148_157.md",2011,148,157,"Puma Life Extension Programme","D&M Phase",1,NA,NA,NA,NA,NA,NA,NA,NA,NA,NA,NA,973,NA,NA,NA,NA
"naomprss_2011_158_172.md",2011,158,172,"Queen Elizabeth Class Aircraft Carriers","D&M Phase",1,NA,NA,NA,NA,NA,NA,NA,NA,NA,NA,NA,1268,NA,NA,NA,NA
"naomprss_2011_173_181.md",2011,173,181,"Scout Specialist Vehicles","D&M Phase",NA,NA,NA,NA,NA,NA,NA,NA,NA,NA,NA,NA,NA,NA,NA,NA,NA
"naomprss_2011_182_203.md",2011,182,203,"Type 45 Destroyer","D&M Phase",1,NA,NA,NA,NA,NA,NA,NA,NA,NA,NA,NA,1959,NA,NA,NA,NA
"naomprss_2011_204_224.md",2011,204,224,"Typhoon","D&M Phase",1,NA,NA,NA,NA,NA,NA,NA,NA,NA,NA,622,1376,NA,NA,NA,NA
"naomprss_2011_225_251.md",2011,225,251,"United Kingdom Military Flying Training System","D&M Phase",1,NA,NA,NA,NA,NA,NA,NA,NA,NA,NA,676,2500,NA,NA,NA,NA
"naomprss_2011_25_37.md",2011,25,37,"A400M","D&M Phase",1,NA,NA,NA,NA,NA,NA,NA,NA,NA,NA,NA,1184,NA,NA,NA,NA
"naomprss_2011_252_271.md",2011,252,271,"Watchkeeper","D&M Phase",1,NA,NA,NA,NA,NA,NA,NA,NA,NA,NA,NA,1727,NA,NA,NA,NA
"naomprss_2011_272_276.md",2011,272,276,"Chinook New Buy","Assessment Phase Projects",NA,NA,NA,NA,NA,NA,NA,NA,NA,NA,NA,NA,NA,NA,NA,NA,NA
"naomprss_2011_277_281.md",2011,277,281,"Cipher","Assessment Phase Projects",NA,NA,NA,NA,NA,NA,NA,NA,NA,NA,NA,NA,NA,NA,NA,NA,NA
"naomprss_2011_282_289.md",2011,282,289,"Indirect Fire Precision Attack","Assessment Phase Projects",1,NA,NA,NA,NA,NA,NA,NA,NA,NA,NA,NA,696,NA,NA,NA,NA
"naomprss_2011_290_294.md",2011,290,294,"Marshall","Assessment Phase Projects",NA,NA,NA,NA,NA,NA,NA,NA,NA,NA,NA,NA,NA,NA,NA,NA,NA
"naomprss_2011_295_299.md",2011,295,299,"Military Afloat Reach and Sustainability","Assessment Phase Projects",1,NA,NA,NA,NA,NA,NA,NA,NA,NA,NA,NA,333,NA,NA,NA,NA
"naomprss_2011_300_304.md",2011,300,304,"Utility Vehicles","Assessment Phase Projects",NA,NA,NA,NA,NA,NA,NA,NA,NA,NA,NA,NA,NA,NA,NA,NA,NA
"naomprss_2011_305_309.md",2011,305,309,"Search and Rescue Helicopter","Assessment Phase Projects",NA,NA,NA,NA,NA,NA,NA,NA,NA,NA,NA,NA,NA,NA,NA,NA,NA
"naomprss_2011_310_315.md",2011,310,315,"Solomon (formerly Dabinet)","Assessment Phase Projects",NA,NA,NA,NA,NA,NA,NA,NA,NA,NA,NA,NA,NA,NA,NA,NA,NA
"naomprss_2011_316_321.md",2011,316,321,"Type 26 Global Combat Ship","Assessment Phase Projects",NA,NA,NA,NA,NA,NA,NA,NA,NA,NA,NA,NA,NA,NA,NA,NA,NA
"naomprss_2011_322_326.md",2011,322,326,"United Kingdom Co-operative Engagement Capability Frigate  and Destroyers Programme","Assessment Phase Projects",NA,NA,NA,NA,NA,NA,NA,NA,NA,NA,NA,NA,NA,NA,NA,NA,NA
"naomprss_2011_38_50.md",2011,38,50,"Airseeker","D&M Phase",NA,NA,NA,NA,NA,NA,NA,NA,NA,NA,NA,NA,NA,NA,NA,NA,NA
"naomprss_2011_51_76.md",2011,51,76,"Astute Class Submarines","D&M Phase",1,NA,NA,NA,NA,NA,NA,NA,NA,NA,NA,NA,2922,NA,NA,NA,NA
"naomprss_2011_77_90.md",2011,77,90,"Beyond Visual Range Air to Air Missile","D&M Phase",1,NA,NA,NA,NA,NA,NA,NA,NA,NA,NA,NA,1251,NA,NA,NA,NA
"naomprss_2011_91_101.md",2011,91,101,"Future Strategic Tanker Aircraft (Voyager)","D&M Phase",1,NA,NA,NA,NA,NA,NA,NA,NA,NA,NA,363,817,NA,NA,NA,NA
"naomprss_2012_114_133.md",2012,114,133,"Complex Weapons Pipeline","D&M Phase",1,NA,NA,NA,NA,NA,NA,NA,NA,NA,NA,NA,2032,NA,NA,NA,NA
"naomprss_2012_134_171.md",2012,134,171,"Falcon","D&M Phase",1,NA,NA,NA,NA,NA,NA,NA,NA,NA,NA,NA,3311,NA,NA,NA,NA
"naomprss_2012_172_184.md",2012,172,184,"Future Strategic Tanker Aircraft (Voyager)","D&M Phase",1,NA,NA,NA,NA,NA,NA,NA,NA,NA,NA,NA,1394,NA,NA,NA,NA
"naomprss_2012_18_33.md",2012,18,33,"A400M","D&M Phase",1,NA,NA,NA,NA,NA,NA,NA,NA,NA,NA,NA,1500,NA,NA,NA,NA
"naomprss_2012_185_208.md",2012,185,208,"Joint Combat Aircraft (Lightning II)","D&M Phase",1,NA,NA,NA,NA,NA,NA,NA,NA,NA,NA,NA,1552,NA,NA,NA,NA
"naomprss_2012_209_231.md",2012,209,231,"Lynx Wildcat","D&M Phase",1,NA,NA,NA,NA,NA,NA,NA,NA,NA,NA,NA,2066,NA,NA,NA,NA
"naomprss_2012_232_246.md",2012,232,246,"Merlin Capability Sustainment Programme","D&M Phase",1,NA,NA,NA,NA,NA,NA,NA,NA,NA,NA,NA,1269,NA,NA,NA,NA
"naomprss_2012_247_269.md",2012,247,269,"Queen Elizabeth Class Aircraft Carriers","D&M Phase",1,NA,NA,NA,NA,NA,NA,NA,NA,NA,NA,NA,1426,NA,NA,NA,NA
"naomprss_2012_270_282.md",2012,270,282,"Scout Specialist Vehicles","D&M Phase",1,NA,NA,NA,NA,NA,NA,NA,NA,NA,NA,NA,1013,NA,NA,NA,NA
"naomprss_2012_283_308.md",2012,283,308,"Type 45 Destroyer","D&M Phase",1,NA,NA,NA,NA,NA,NA,NA,NA,NA,NA,NA,2091,NA,NA,NA,NA
"naomprss_2012_309_332.md",2012,309,332,"Typhoon","D&M Phase",1,NA,NA,NA,NA,NA,NA,NA,NA,NA,NA,NA,2140,NA,NA,NA,NA
"naomprss_2012_333_344.md",2012,333,344,"Warrior Capability Sustainment Programme","D&M Phase",1,NA,NA,NA,NA,NA,NA,NA,NA,NA,NA,NA,1205,NA,NA,NA,NA
"naomprss_2012_34_49.md",2012,34,49,"Airseeker","D&M Phase",1,NA,NA,NA,NA,NA,NA,NA,NA,NA,NA,NA,1567,NA,NA,NA,NA
"naomprss_2012_345_351.md",2012,345,351,"Cipher","Assessment Phase Projects",1,NA,NA,NA,NA,NA,NA,NA,NA,NA,NA,NA,481,NA,NA,NA,NA
"naomprss_2012_352_357.md",2012,352,357,"Core Production Capability","Assessment Phase Projects",1,NA,NA,NA,NA,NA,NA,NA,NA,NA,NA,NA,465,NA,NA,NA,NA
"naomprss_2012_358_363.md",2012,358,363,"Marshall","Assessment Phase Projects",1,NA,NA,NA,NA,NA,NA,NA,NA,NA,NA,NA,440,NA,NA,NA,NA
"naomprss_2012_364_370.md",2012,364,370,"Military Afloat Reach and Sustainability","Assessment Phase Projects",1,NA,NA,NA,NA,NA,NA,NA,NA,NA,NA,NA,438,NA,NA,NA,NA
"naomprss_2012_371_378.md",2012,371,378,"Network Enabled Airspace Defence and Surveillance","Assessment Phase Projects",1,NA,NA,NA,NA,NA,NA,NA,NA,NA,NA,NA,475,NA,NA,NA,NA
"naomprss_2012_379_384.md",2012,379,384,"Spearfish Upgrade","Assessment Phase Projects",1,NA,NA,NA,NA,NA,NA,NA,NA,NA,NA,NA,528,NA,NA,NA,NA
"naomprss_2012_385_393.md",2012,385,393,"Successor","Assessment Phase Projects",1,NA,NA,NA,NA,NA,NA,NA,NA,NA,NA,NA,603,NA,NA,NA,NA
"naomprss_2012_394_401.md",2012,394,401,"Type 26 Global Combat Ship","Assessment Phase Projects",1,NA,NA,NA,NA,NA,NA,NA,NA,NA,NA,NA,438,NA,NA,NA,NA
"naomprss_2012_402_408.md",2012,402,408,"United Kingdom Co-operative Engagement Capability Frigate  and Destroyers Programme","Assessment Phase Projects",1,NA,NA,NA,NA,NA,NA,NA,NA,NA,NA,NA,487,NA,NA,NA,NA
"naomprss_2012_50_80.md",2012,50,80,"Astute Class Submarines","D&M Phase",1,NA,NA,NA,NA,NA,NA,NA,NA,NA,NA,NA,3063,NA,NA,NA,NA
"naomprss_2012_81_95.md",2012,81,95,"Beyond Visual Range Air to Air Missile","D&M Phase",1,NA,NA,NA,NA,NA,NA,NA,NA,NA,NA,NA,1397,NA,NA,NA,NA
"naomprss_2012_96_113.md",2012,96,113,"Chinook New Buy","D&M Phase",1,NA,NA,NA,NA,NA,NA,NA,NA,NA,NA,NA,1696,NA,NA,NA,NA
"naomprss_2013_114_136.md",2013,114,136,"Joint Combat Aircraft (Lightning II)","D&M Phase",1,NA,NA,NA,NA,NA,NA,NA,NA,NA,NA,NA,1507,NA,NA,NA,NA
"naomprss_2013_13_31.md",2013,13,31,"A400M","D&M Phase",1,NA,NA,NA,NA,NA,NA,NA,NA,NA,NA,NA,1662,NA,NA,NA,NA
"naomprss_2013_137_147.md",2013,137,147,"Military Afloat Reach and Sustainability","D&M Phase",1,NA,NA,NA,NA,NA,NA,NA,NA,NA,NA,NA,927,NA,NA,NA,NA
"naomprss_2013_148_169.md",2013,148,169,"Queen Elizabeth Class Aircraft Carriers","D&M Phase",1,NA,NA,NA,NA,NA,NA,NA,NA,NA,NA,NA,1534,NA,NA,NA,NA
"naomprss_2013_170_179.md",2013,170,179,"Scout Specialist Vehicles","D&M Phase",1,NA,NA,NA,NA,NA,NA,NA,NA,NA,NA,NA,900,NA,NA,NA,NA
"naomprss_2013_180_204.md",2013,180,204,"Typhoon","D&M Phase",1,NA,NA,NA,NA,NA,NA,NA,NA,NA,NA,NA,2240,NA,NA,NA,NA
"naomprss_2013_205_217.md",2013,205,217,"Warrior Capability Sustainment Programme","D&M Phase",1,NA,NA,NA,NA,NA,NA,NA,NA,NA,NA,NA,1316,NA,NA,NA,NA
"naomprss_2013_218_224.md",2013,218,224,"Cipher","Assessment Phase Projects",1,NA,NA,NA,NA,NA,NA,NA,NA,NA,NA,NA,422,NA,NA,NA,NA
"naomprss_2013_225_232.md",2013,225,232,"Successor","Assessment Phase Projects",1,NA,NA,NA,NA,NA,NA,NA,NA,NA,NA,NA,535,NA,NA,NA,NA
"naomprss_2013_233_241.md",2013,233,241,"Type 26 Global Combat Ship","Assessment Phase Projects",1,NA,NA,NA,NA,NA,NA,NA,NA,NA,NA,NA,464,NA,NA,NA,NA
"naomprss_2013_242_243.md",2013,242,243,"Apache Attack Helicopter Capability Sustainment Programme","Concept phase projects",1,NA,NA,NA,NA,NA,NA,NA,NA,NA,NA,NA,49,NA,NA,NA,NA
"naomprss_2013_244_245.md",2013,244,245,"Utility Vehicles","Concept phase projects",1,NA,NA,NA,NA,NA,NA,NA,NA,NA,NA,NA,45,NA,NA,NA,NA
"naomprss_2013_32_67.md",2013,32,67,"Astute Class Submarines","D&M Phase",1,NA,NA,NA,NA,NA,NA,NA,NA,NA,NA,NA,3677,NA,NA,NA,NA
"naomprss_2013_68_89.md",2013,68,89,"Complex Weapons Pipeline","D&M Phase",1,NA,NA,NA,NA,NA,NA,NA,NA,NA,NA,NA,2059,NA,NA,NA,NA
"naomprss_2013_90_98.md",2013,90,98,"Core Production Capability","D&M Phase",1,NA,NA,NA,NA,NA,NA,NA,NA,NA,NA,NA,863,NA,NA,NA,NA
"naomprss_2013_99_113.md",2013,99,113,"Future Strategic Tanker Aircraft (Voyager)","D&M Phase",1,NA,NA,NA,NA,NA,NA,NA,NA,NA,NA,NA,1288,NA,NA,NA,NA
"naomprss_2014_10_24.md",2014,10,24,"A400M","D&M Phase",1,NA,NA,NA,NA,NA,NA,NA,NA,668,329,495,170,NA,NA,NA,NA
"naomprss_2014_104_126.md",2014,104,126,"Joint Combat Aircraft (Lightning II)","D&M Phase",1,NA,NA,NA,NA,NA,NA,NA,NA,844,187,642,175,NA,NA,NA,NA
"naomprss_2014_127_134.md",2014,127,134,"Military Afloat Reach and Sustainability","D&M Phase",1,NA,NA,NA,NA,NA,NA,NA,NA,188,175,298,113,NA,NA,NA,NA
"naomprss_2014_135_154.md",2014,135,154,"Queen Elizabeth Class Aircraft Carriers","D&M Phase",1,NA,NA,NA,NA,NA,NA,NA,NA,519,417,393,265,NA,NA,NA,NA
"naomprss_2014_155_164.md",2014,155,164,"Scout Specialist Vehicles","D&M Phase",1,NA,NA,NA,NA,NA,NA,NA,NA,166,151,269,227,NA,NA,NA,NA
"naomprss_2014_165_190.md",2014,165,190,"Typhoon","D&M Phase",1,NA,NA,NA,NA,NA,NA,NA,NA,696,663,1004,324,NA,NA,NA,NA
"naomprss_2014_191_203.md",2014,191,203,"Warrior Capability Sustainment Programme","D&M Phase",1,NA,NA,NA,NA,NA,NA,NA,NA,414,371,252,196,NA,NA,NA,NA
"naomprss_2014_204_210.md",2014,204,210,"Cipher","Assessment Phase Projects",1,NA,NA,NA,NA,NA,NA,NA,NA,95,50,8,88,NA,NA,NA,NA
"naomprss_2014_211_216.md",2014,211,216,"Crowsnest","Assessment Phase Projects",1,NA,NA,NA,NA,NA,NA,NA,NA,106,78,35,131,NA,NA,NA,NA
"naomprss_2014_217_222.md",2014,217,222,"Marshall","Assessment Phase Projects",1,NA,NA,NA,NA,NA,NA,NA,NA,103,110,35,125,NA,NA,NA,NA
"naomprss_2014_223_228.md",2014,223,228,"Morpheus","Assessment Phase Projects",1,NA,NA,NA,NA,NA,NA,NA,NA,94,77,10,142,NA,NA,NA,NA
"naomprss_2014_229_236.md",2014,229,236,"Successor","Assessment Phase Projects",1,NA,NA,NA,NA,NA,NA,NA,NA,194,69,36,209,NA,NA,NA,NA
"naomprss_2014_237_245.md",2014,237,245,"Type 26 Global Combat Ship","Assessment Phase Projects",1,NA,NA,NA,NA,NA,NA,NA,NA,70,71,14,199,NA,NA,NA,NA
"naomprss_2014_246_247.md",2014,246,247,"Apache Attack Helicopter Capability Sustainment Programme","Concept phase projects",1,NA,NA,NA,NA,NA,NA,NA,NA,NA,NA,NA,50,NA,NA,NA,NA
"naomprss_2014_25_57.md",2014,25,57,"Astute Class Submarines","D&M Phase",1,NA,NA,NA,NA,NA,NA,NA,NA,1377,947,1129,260,NA,NA,NA,NA
"naomprss_2014_58_81.md",2014,58,81,"Complex Weapons Pipeline","D&M Phase",1,NA,NA,NA,NA,NA,NA,NA,NA,359,603,1132,388,NA,NA,NA,NA
"naomprss_2014_82_90.md",2014,82,90,"Core Production Capability","D&M Phase",1,NA,NA,NA,NA,NA,NA,NA,NA,146,250,177,204,NA,NA,NA,NA
"naomprss_2014_91_103.md",2014,91,103,"Future Strategic Tanker Aircraft (Voyager)","D&M Phase",1,NA,NA,NA,NA,NA,NA,NA,NA,406,290,390,152,NA,NA,NA,NA
"naomprss_2015_10_27.md",2015,10,27,"A400M","D&M Phase",1,NA,NA,NA,NA,NA,NA,NA,NA,772,469,579,205,NA,NA,NA,NA
"naomprss_2015_110_117.md",2015,110,117,"Marshall","D&M Phase",1,NA,NA,NA,NA,NA,NA,NA,NA,162,242,253,121,NA,NA,NA,NA
"naomprss_2015_118_127.md",2015,118,127,"Military Afloat Reach and Sustainability","D&M Phase",1,NA,NA,NA,NA,NA,NA,NA,NA,302,177,300,150,NA,NA,NA,NA
"naomprss_2015_128_144.md",2015,128,144,"Queen Elizabeth Class Aircraft Carriers","D&M Phase",1,NA,NA,NA,NA,NA,NA,NA,NA,271,359,525,273,NA,NA,NA,NA
"naomprss_2015_145_155.md",2015,145,155,"Scout Specialist Vehicles","D&M Phase",1,NA,NA,NA,NA,NA,NA,NA,NA,198,248,292,177,NA,NA,NA,NA
"naomprss_2015_156_163.md",2015,156,163,"Type 26 Global Combat Ship","D&M Phase",1,NA,NA,NA,NA,NA,NA,NA,NA,128,69,12,153,NA,NA,NA,NA
"naomprss_2015_164_190.md",2015,164,190,"Typhoon","D&M Phase",1,NA,NA,NA,NA,NA,NA,NA,NA,954,594,1244,329,NA,NA,NA,NA
"naomprss_2015_191_202.md",2015,191,202,"Future Strategic Tanker Aircraft (Voyager)","D&M Phase",1,NA,NA,NA,NA,NA,NA,NA,NA,410,290,386,141,NA,NA,NA,NA
"naomprss_2015_203_215.md",2015,203,215,"Warrior Capability Sustainment Programme","D&M Phase",1,NA,NA,NA,NA,NA,NA,NA,NA,511,419,234,200,NA,NA,NA,NA
"naomprss_2015_216_221.md",2015,216,221,"Apache Attack Helicopter Capability Sustainment Programme","Assessment Phase Projects",1,NA,NA,NA,NA,NA,NA,NA,NA,103,75,33,46,NA,NA,NA,NA
"naomprss_2015_222_227.md",2015,222,227,"Crowsnest","Assessment Phase Projects",1,NA,NA,NA,NA,NA,NA,NA,NA,98,78,31,107,NA,NA,NA,NA
"naomprss_2015_228_234.md",2015,228,234,"Morpheus","Assessment Phase Projects",1,NA,NA,NA,NA,NA,NA,NA,NA,88,93,10,167,NA,NA,NA,NA
"naomprss_2015_235_242.md",2015,235,242,"Successor","Assessment Phase Projects",1,NA,NA,NA,NA,NA,NA,NA,NA,NA,71,12,389,NA,NA,NA,NA
"naomprss_2015_28_55.md",2015,28,55,"Astute Class Submarines","D&M Phase",1,NA,NA,NA,NA,NA,NA,NA,NA,1637,952,1100,336,NA,NA,NA,NA
"naomprss_2015_56_80.md",2015,56,80,"Complex Weapons Pipeline","D&M Phase",1,NA,NA,NA,NA,NA,NA,NA,NA,605,738,1455,456,NA,NA,NA,NA
"naomprss_2015_81_91.md",2015,81,91,"Core Production Capability","D&M Phase",1,NA,NA,NA,NA,NA,NA,NA,NA,201,286,186,314,NA,NA,NA,NA
"naomprss_2015_92_109.md",2015,92,109,"Joint Combat Aircraft (Lightning II)","D&M Phase",1,NA,NA,NA,NA,NA,NA,NA,NA,560,177,721,174,NA,NA,NA,NA
